sku,product_name,category,price,stock,supplier
SK-1000,Blue Lever Arch File Foolscap,Filing,80.94,53,Northgate Paper Ltd
SK-1008,"Blue Ballpoint, Broad",Writing,3.01,464,Northgate Paper Ltd
SK-1016,Blue Lever Arch File A4,Filing,68.41,419,Kestrel Supply Co.
SK-1024,Copier Paper Legal 70gsm,Paper & Office,6.71,199,Kestrel Supply Co.
SK-1032,Copier Paper A5 120gsm,Paper & Office,50.87,262,Kestrel Supply Co.
SK-1040,Green Lever Arch File A4,Filing,17.73,132,Northgate Paper Ltd
SK-1048,Steel Desk Organiser,Desk,75.09,202,Harlow Stationers
SK-1056,Mesh Desk Organiser,Desk,51.06,203,Harlow Stationers
SK-1064,"Red Ballpoint, Broad",Writing,81.35,23,Northgate Paper Ltd
SK-1072,Copier Paper A4 70gsm,Paper & Office,27.17,468,Kestrel Supply Co.
SK-1080,Blue Lever Arch File Foolscap,Filing,48.35,293,Kestrel Supply Co.
SK-1088,Blue Lever Arch File Foolscap,Filing,31.64,56,Northgate Paper Ltd
SK-1096,Copier Paper A3 100gsm,Paper & Office,87.28,32,Northgate Paper Ltd
SK-1104,"Blue Ballpoint, Broad",Writing,12.11,401,Kestrel Supply Co.
SK-1112,Steel Desk Organiser,Desk,89.47,181,Vale Clinical Supplies
SK-1120,"Green Ballpoint, Fine",Writing,52.38,74,Harlow Stationers
SK-1128,Acrylic Desk Organiser,Desk,68.78,381,Northgate Paper Ltd
SK-1136,Green Lever Arch File A4,Filing,61.46,200,Kestrel Supply Co.
SK-1144,Steel Desk Organiser,Desk,10.39,46,Kestrel Supply Co.
SK-1152,Copier Paper Letter 80gsm,Paper & Office,63.71,282,Northgate Paper Ltd
SK-1160,Blue Lever Arch File A4,Filing,30.59,257,Harlow Stationers
SK-1168,Acrylic Desk Organiser,Desk,30.27,64,Kestrel Supply Co.
SK-1176,Green Lever Arch File A4,Filing,68.99,285,Northgate Paper Ltd
SK-1184,Blue Lever Arch File Foolscap,Filing,52.65,328,Vale Clinical Supplies
SK-1192,"Black Ballpoint, Broad",Writing,38.90,102,Harlow Stationers
SK-1200,Acrylic Desk Organiser,Desk,2.62,411,Kestrel Supply Co.
SK-1208,Mesh Desk Organiser,Desk,20.81,391,Northgate Paper Ltd
SK-1216,Black Lever Arch File A4,Filing,83.57,232,Northgate Paper Ltd
SK-1224,Green Lever Arch File Foolscap,Filing,52.00,224,Kestrel Supply Co.
SK-1232,Mesh Desk Organiser,Desk,73.46,108,Kestrel Supply Co.
SK-1240,Acrylic Desk Organiser,Desk,13.00,462,Harlow Stationers
SK-1248,Copier Paper A4 80gsm,Paper & Office,22.22,7,Harlow Stationers
SK-1256,"Black Ballpoint, Fine",Writing,74.58,79,Kestrel Supply Co.
SK-1264,Grey Lever Arch File A4,Filing,64.15,431,Kestrel Supply Co.
SK-1272,Green Lever Arch File Foolscap,Filing,40.82,10,Vale Clinical Supplies
SK-1280,Copier Paper A4 80gsm,Paper & Office,53.10,289,Harlow Stationers
SK-1288,Steel Desk Organiser,Desk,7.28,87,Northgate Paper Ltd
SK-1296,"Blue Ballpoint, Medium",Writing,74.00,20,Kestrel Supply Co.
SK-1304,"Green Ballpoint, Medium",Writing,73.25,229,Harlow Stationers
SK-1312,Copier Paper Letter 100gsm,Paper & Office,71.68,231,Northgate Paper Ltd
SK-1320,"Black Ballpoint, Broad",Writing,12.62,406,Kestrel Supply Co.
SK-1328,Copier Paper A3 80gsm,Paper & Office,84.41,46,Vale Clinical Supplies
SK-1336,Green Lever Arch File A4,Filing,69.69,170,Harlow Stationers
SK-1344,Copier Paper Letter 120gsm,Paper & Office,33.62,139,Kestrel Supply Co.
SK-1352,Copier Paper A5 80gsm,Paper & Office,63.01,165,Kestrel Supply Co.
SK-1360,"Black Ballpoint, Broad",Writing,89.20,390,Harlow Stationers
SK-1368,Copier Paper Legal 80gsm,Paper & Office,73.33,261,Harlow Stationers
SK-1376,Copier Paper A5 120gsm,Paper & Office,88.16,288,Northgate Paper Ltd
SK-1384,Steel Desk Organiser,Desk,16.40,285,Harlow Stationers
SK-1392,Steel Desk Organiser,Desk,9.57,43,Kestrel Supply Co.
SK-1400,Copier Paper Legal 70gsm,Paper & Office,16.35,83,Northgate Paper Ltd
SK-1408,Blue Lever Arch File Foolscap,Filing,58.85,479,Kestrel Supply Co.
SK-1416,Blue Lever Arch File A4,Filing,61.88,181,Kestrel Supply Co.
SK-1424,"Red Ballpoint, Fine",Writing,66.74,96,Vale Clinical Supplies
SK-1432,Grey Lever Arch File A4,Filing,79.37,344,Harlow Stationers
SK-1440,Black Lever Arch File Foolscap,Filing,78.88,21,Harlow Stationers
SK-1448,Copier Paper Letter 100gsm,Paper & Office,11.73,245,Kestrel Supply Co.
SK-1456,"Green Ballpoint, Medium",Writing,48.66,442,Northgate Paper Ltd
SK-1464,"Black Ballpoint, Broad",Writing,57.94,28,Kestrel Supply Co.
SK-1472,Copier Paper A3 100gsm,Paper & Office,61.17,231,Kestrel Supply Co.
SK-1480,Steel Desk Organiser,Desk,40.07,252,Northgate Paper Ltd
SK-1488,Acrylic Desk Organiser,Desk,44.61,194,Kestrel Supply Co.
SK-1496,Copier Paper Letter 100gsm,Paper & Office,18.23,394,Harlow Stationers
SK-1504,"Black Ballpoint, Broad",Writing,34.51,90,Kestrel Supply Co.
SK-1512,Mesh Desk Organiser,Desk,42.41,181,Vale Clinical Supplies
SK-1520,"Blue Ballpoint, Medium",Writing,6.34,87,Northgate Paper Ltd
SK-1528,Mesh Desk Organiser,Desk,70.65,290,Vale Clinical Supplies
SK-1536,Copier Paper A3 80gsm,Paper & Office,57.48,302,Vale Clinical Supplies
SK-1544,Copier Paper Legal 80gsm,Paper & Office,66.34,125,Northgate Paper Ltd
SK-1552,Grey Lever Arch File Foolscap,Filing,39.51,66,Kestrel Supply Co.
SK-1560,"Red Ballpoint, Broad",Writing,49.03,72,Northgate Paper Ltd
SK-1568,"Blue Ballpoint, Medium",Writing,5.10,333,Harlow Stationers
SK-1576,Black Lever Arch File Foolscap,Filing,3.81,318,Northgate Paper Ltd
SK-1584,Acrylic Desk Organiser,Desk,19.37,80,Vale Clinical Supplies
SK-1592,Grey Lever Arch File A4,Filing,22.80,229,Kestrel Supply Co.
SK-1600,Black Lever Arch File Foolscap,Filing,44.23,5,Kestrel Supply Co.
SK-1608,Copier Paper A3 70gsm,Paper & Office,42.00,361,Kestrel Supply Co.
SK-1616,Green Lever Arch File Foolscap,Filing,76.30,368,Kestrel Supply Co.
SK-1624,Blue Lever Arch File A4,Filing,67.63,386,Northgate Paper Ltd
SK-1632,"Black Ballpoint, Medium",Writing,31.09,180,Kestrel Supply Co.
SK-1640,Blue Lever Arch File Foolscap,Filing,2.74,98,Vale Clinical Supplies
SK-1648,Copier Paper Letter 100gsm,Paper & Office,19.69,332,Kestrel Supply Co.
SK-1656,Wooden Desk Organiser,Desk,38.03,116,Vale Clinical Supplies
SK-1664,Wooden Desk Organiser,Desk,30.59,275,Kestrel Supply Co.
SK-1672,"Blue Ballpoint, Broad",Writing,58.35,359,Northgate Paper Ltd
SK-1680,Green Lever Arch File Foolscap,Filing,60.73,267,Vale Clinical Supplies
SK-1688,Acrylic Desk Organiser,Desk,28.32,300,Northgate Paper Ltd
SK-1696,Steel Desk Organiser,Desk,45.94,319,Vale Clinical Supplies
SK-1704,Copier Paper A3 120gsm,Paper & Office,3.97,43,Vale Clinical Supplies
SK-1712,"Green Ballpoint, Fine",Writing,5.67,286,Harlow Stationers
SK-1720,Mesh Desk Organiser,Desk,42.44,322,Kestrel Supply Co.
SK-1728,Black Lever Arch File Foolscap,Filing,29.75,114,Kestrel Supply Co.
SK-1736,"Green Ballpoint, Medium",Writing,88.47,255,Vale Clinical Supplies
SK-1744,Copier Paper Letter 120gsm,Paper & Office,89.74,229,Harlow Stationers
SK-1752,Copier Paper A4 80gsm,Paper & Office,30.73,95,Northgate Paper Ltd
SK-1760,Steel Desk Organiser,Desk,82.55,384,Vale Clinical Supplies
SK-1768,"Black Ballpoint, Fine",Writing,79.87,56,Vale Clinical Supplies
SK-1776,Grey Lever Arch File A4,Filing,39.27,204,Vale Clinical Supplies
SK-1784,Grey Lever Arch File Foolscap,Filing,31.78,252,Kestrel Supply Co.
SK-1792,Wooden Desk Organiser,Desk,22.40,224,Kestrel Supply Co.
SK-1800,Copier Paper A5 80gsm,Paper & Office,66.84,193,Northgate Paper Ltd
SK-1808,"Green Ballpoint, Fine",Writing,84.21,106,Kestrel Supply Co.
SK-1816,Blue Lever Arch File Foolscap,Filing,42.84,60,Kestrel Supply Co.
SK-1824,Green Lever Arch File A4,Filing,66.08,311,Northgate Paper Ltd
SK-1832,Copier Paper Letter 100gsm,Paper & Office,6.23,195,Northgate Paper Ltd
SK-1840,"Black Ballpoint, Fine",Writing,17.79,428,Kestrel Supply Co.
SK-1848,Copier Paper A3 100gsm,Paper & Office,23.37,373,Harlow Stationers
SK-1856,Copier Paper A3 80gsm,Paper & Office,88.26,148,Kestrel Supply Co.
SK-1864,"Green Ballpoint, Broad",Writing,15.01,202,Vale Clinical Supplies
SK-1872,Copier Paper A4 80gsm,Paper & Office,13.73,309,Harlow Stationers
SK-1880,"Red Ballpoint, Broad",Writing,51.38,3,Northgate Paper Ltd
SK-1888,"Black Ballpoint, Fine",Writing,39.11,293,Northgate Paper Ltd
SK-1896,Green Lever Arch File A4,Filing,65.08,226,Harlow Stationers
SK-1904,Black Lever Arch File Foolscap,Filing,59.08,349,Kestrel Supply Co.
SK-1912,Black Lever Arch File Foolscap,Filing,53.18,99,Vale Clinical Supplies
SK-1920,Copier Paper A3 120gsm,Paper & Office,24.12,427,Harlow Stationers
SK-1928,"Red Ballpoint, Fine",Writing,19.30,251,Northgate Paper Ltd
SK-1936,Black Lever Arch File Foolscap,Filing,67.12,53,Vale Clinical Supplies
SK-1944,Green Lever Arch File Foolscap,Filing,43.51,180,Harlow Stationers
SK-1952,Mesh Desk Organiser,Desk,60.34,289,Northgate Paper Ltd
SK-1960,Copier Paper A4 120gsm,Paper & Office,67.21,309,Harlow Stationers
SK-1968,Grey Lever Arch File Foolscap,Filing,48.74,89,Harlow Stationers
SK-1976,Wooden Desk Organiser,Desk,68.12,283,Vale Clinical Supplies
SK-1984,Wooden Desk Organiser,Desk,88.35,416,Northgate Paper Ltd
SK-1992,"Black Ballpoint, Medium",Writing,68.77,415,Vale Clinical Supplies
SK-2000,Wooden Desk Organiser,Desk,36.14,236,Kestrel Supply Co.
SK-2008,"Blue Ballpoint, Fine",Writing,23.08,405,Northgate Paper Ltd
SK-2016,Green Lever Arch File Foolscap,Filing,87.84,126,Kestrel Supply Co.
SK-2024,Wooden Desk Organiser,Desk,35.60,466,Vale Clinical Supplies
SK-2032,Steel Desk Organiser,Desk,41.60,61,Northgate Paper Ltd
SK-2040,Copier Paper Letter 70gsm,Paper & Office,53.88,24,Northgate Paper Ltd
SK-2048,"Blue Ballpoint, Medium",Writing,82.64,136,Vale Clinical Supplies
SK-2056,Acrylic Desk Organiser,Desk,28.94,63,Harlow Stationers
SK-2064,Steel Desk Organiser,Desk,76.84,398,Northgate Paper Ltd
SK-2072,"Black Ballpoint, Fine",Writing,57.89,49,Northgate Paper Ltd
SK-2080,Grey Lever Arch File A4,Filing,49.32,266,Harlow Stationers
SK-2088,Steel Desk Organiser,Desk,19.86,127,Harlow Stationers
SK-2096,Mesh Desk Organiser,Desk,31.64,96,Vale Clinical Supplies
SK-2104,Wooden Desk Organiser,Desk,68.26,263,Kestrel Supply Co.
SK-2112,Copier Paper A3 80gsm,Paper & Office,63.89,188,Kestrel Supply Co.
SK-2120,"Green Ballpoint, Medium",Writing,66.87,168,Kestrel Supply Co.
SK-2128,Copier Paper A4 100gsm,Paper & Office,25.34,339,Vale Clinical Supplies
SK-2136,Acrylic Desk Organiser,Desk,89.50,20,Northgate Paper Ltd
SK-2144,"Black Ballpoint, Medium",Writing,22.96,371,Northgate Paper Ltd
SK-2152,Black Lever Arch File A4,Filing,16.66,232,Harlow Stationers
SK-2160,Copier Paper A3 80gsm,Paper & Office,25.33,445,Northgate Paper Ltd
SK-2168,"Black Ballpoint, Broad",Writing,52.27,108,Vale Clinical Supplies
SK-2176,Green Lever Arch File A4,Filing,68.68,300,Vale Clinical Supplies
SK-2184,Grey Lever Arch File Foolscap,Filing,46.15,34,Northgate Paper Ltd
SK-2192,"Green Ballpoint, Medium",Writing,16.85,29,Kestrel Supply Co.
SK-2200,Blue Lever Arch File A4,Filing,28.66,44,Vale Clinical Supplies
SK-2208,Acrylic Desk Organiser,Desk,39.38,470,Kestrel Supply Co.
SK-2216,Black Lever Arch File A4,Filing,22.49,339,Harlow Stationers
SK-2224,Black Lever Arch File Foolscap,Filing,31.71,423,Northgate Paper Ltd
SK-2232,"Green Ballpoint, Fine",Writing,57.48,377,Northgate Paper Ltd
SK-2240,Copier Paper A4 120gsm,Paper & Office,39.26,435,Vale Clinical Supplies
SK-2248,Grey Lever Arch File A4,Filing,53.91,438,Kestrel Supply Co.
SK-2256,Steel Desk Organiser,Desk,16.91,288,Kestrel Supply Co.
SK-2264,"Red Ballpoint, Broad",Writing,81.28,331,Vale Clinical Supplies
SK-2272,Blue Lever Arch File Foolscap,Filing,16.47,355,Vale Clinical Supplies
SK-2280,Blue Lever Arch File A4,Filing,9.77,71,Vale Clinical Supplies
SK-2288,Acrylic Desk Organiser,Desk,57.55,65,Northgate Paper Ltd
SK-2296,"Green Ballpoint, Medium",Writing,16.65,419,Vale Clinical Supplies
SK-2304,Grey Lever Arch File A4,Filing,46.53,363,Vale Clinical Supplies
SK-2312,Copier Paper A3 80gsm,Paper & Office,86.94,114,Northgate Paper Ltd
SK-2320,Copier Paper A4 80gsm,Paper & Office,60.59,365,Harlow Stationers
SK-2328,Black Lever Arch File Foolscap,Filing,88.82,236,Kestrel Supply Co.
SK-2336,Acrylic Desk Organiser,Desk,33.90,332,Kestrel Supply Co.
SK-2344,Copier Paper A4 80gsm,Paper & Office,5.29,403,Kestrel Supply Co.
SK-2352,Copier Paper Letter 120gsm,Paper & Office,20.59,402,Northgate Paper Ltd
SK-2360,"Green Ballpoint, Fine",Writing,42.02,175,Vale Clinical Supplies
SK-2368,Copier Paper A4 70gsm,Paper & Office,79.15,338,Harlow Stationers
SK-2376,Black Lever Arch File Foolscap,Filing,78.68,473,Northgate Paper Ltd
SK-2384,"Green Ballpoint, Fine",Writing,21.84,277,Kestrel Supply Co.
SK-2392,"Red Ballpoint, Medium",Writing,79.47,475,Northgate Paper Ltd
SK-2400,Copier Paper A3 80gsm,Paper & Office,15.43,179,Northgate Paper Ltd
SK-2408,Black Lever Arch File Foolscap,Filing,76.81,64,Northgate Paper Ltd
SK-2416,Grey Lever Arch File A4,Filing,44.73,4,Northgate Paper Ltd
SK-2424,Copier Paper A4 70gsm,Paper & Office,76.76,128,Harlow Stationers
SK-2432,Copier Paper A4 120gsm,Paper & Office,71.87,436,Vale Clinical Supplies
SK-2440,Black Lever Arch File A4,Filing,10.77,387,Vale Clinical Supplies
SK-2448,"Red Ballpoint, Fine",Writing,30.65,179,Northgate Paper Ltd
SK-2456,Copier Paper A4 100gsm,Paper & Office,4.96,38,Harlow Stationers
SK-2464,Acrylic Desk Organiser,Desk,44.13,84,Northgate Paper Ltd
SK-2472,Copier Paper A3 100gsm,Paper & Office,71.62,202,Vale Clinical Supplies
SK-2480,Steel Desk Organiser,Desk,45.76,362,Northgate Paper Ltd
SK-2488,Blue Lever Arch File A4,Filing,28.97,318,Harlow Stationers
SK-2496,Copier Paper A5 120gsm,Paper & Office,14.00,319,Northgate Paper Ltd
SK-2504,"Black Ballpoint, Medium",Writing,18.17,160,Vale Clinical Supplies
SK-2512,Mesh Desk Organiser,Desk,58.29,55,Vale Clinical Supplies
SK-2520,"Black Ballpoint, Broad",Writing,29.94,66,Vale Clinical Supplies
SK-2528,Steel Desk Organiser,Desk,49.96,12,Harlow Stationers
SK-2536,"Red Ballpoint, Medium",Writing,50.22,70,Vale Clinical Supplies
SK-2544,"Green Ballpoint, Medium",Writing,82.83,381,Vale Clinical Supplies
SK-2552,Wooden Desk Organiser,Desk,50.40,234,Kestrel Supply Co.
SK-2560,Green Lever Arch File Foolscap,Filing,51.91,110,Northgate Paper Ltd
SK-2568,Acrylic Desk Organiser,Desk,23.50,267,Kestrel Supply Co.
SK-2576,"Blue Ballpoint, Fine",Writing,78.66,221,Kestrel Supply Co.
SK-2584,Copier Paper A3 80gsm,Paper & Office,36.69,396,Kestrel Supply Co.
SK-2592,Blue Lever Arch File Foolscap,Filing,43.22,403,Harlow Stationers
SK-2600,"Green Ballpoint, Fine",Writing,18.05,320,Kestrel Supply Co.
SK-2608,Copier Paper A3 70gsm,Paper & Office,79.68,359,Kestrel Supply Co.
SK-2616,"Black Ballpoint, Broad",Writing,46.13,135,Vale Clinical Supplies
SK-2624,Green Lever Arch File A4,Filing,26.76,296,Harlow Stationers
SK-2632,Green Lever Arch File Foolscap,Filing,78.59,239,Harlow Stationers
SK-2640,"Green Ballpoint, Broad",Writing,88.38,363,Vale Clinical Supplies
SK-2648,Acrylic Desk Organiser,Desk,19.41,182,Vale Clinical Supplies
SK-2656,Grey Lever Arch File Foolscap,Filing,19.75,108,Kestrel Supply Co.
SK-2664,Copier Paper A4 100gsm,Paper & Office,66.42,229,Vale Clinical Supplies
SK-2672,Copier Paper Letter 80gsm,Paper & Office,11.92,342,Northgate Paper Ltd
SK-2680,"Red Ballpoint, Broad",Writing,19.51,411,Harlow Stationers
SK-2688,Black Lever Arch File Foolscap,Filing,22.52,368,Kestrel Supply Co.
SK-2696,Black Lever Arch File Foolscap,Filing,28.83,210,Northgate Paper Ltd
SK-2704,Copier Paper A5 70gsm,Paper & Office,38.06,332,Harlow Stationers
SK-2712,Copier Paper Legal 100gsm,Paper & Office,18.39,24,Northgate Paper Ltd
SK-2720,Copier Paper A3 80gsm,Paper & Office,37.37,286,Kestrel Supply Co.
SK-2728,Copier Paper Legal 70gsm,Paper & Office,36.02,205,Northgate Paper Ltd
SK-2736,Wooden Desk Organiser,Desk,32.71,112,Vale Clinical Supplies
SK-2744,Copier Paper A5 80gsm,Paper & Office,20.33,319,Harlow Stationers
SK-2752,"Red Ballpoint, Fine",Writing,22.45,470,Kestrel Supply Co.
SK-2760,Copier Paper A5 120gsm,Paper & Office,87.24,291,Vale Clinical Supplies
SK-2768,Green Lever Arch File Foolscap,Filing,66.27,465,Harlow Stationers
SK-2776,Wooden Desk Organiser,Desk,74.37,367,Kestrel Supply Co.
SK-2784,Blue Lever Arch File Foolscap,Filing,40.92,104,Vale Clinical Supplies
SK-2792,"Green Ballpoint, Medium",Writing,34.28,456,Harlow Stationers
SK-2800,Grey Lever Arch File A4,Filing,63.92,268,Kestrel Supply Co.
SK-2808,Wooden Desk Organiser,Desk,34.15,215,Harlow Stationers
SK-2816,Copier Paper Letter 120gsm,Paper & Office,51.14,49,Harlow Stationers
SK-2824,Wooden Desk Organiser,Desk,17.04,378,Kestrel Supply Co.
SK-2832,Mesh Desk Organiser,Desk,85.55,329,Harlow Stationers
SK-2840,Copier Paper A5 80gsm,Paper & Office,54.72,204,Vale Clinical Supplies
SK-2848,"Red Ballpoint, Fine",Writing,48.96,108,Northgate Paper Ltd
SK-2856,Green Lever Arch File A4,Filing,44.20,142,Vale Clinical Supplies
SK-2864,Steel Desk Organiser,Desk,33.70,379,Kestrel Supply Co.
SK-2872,Copier Paper Letter 120gsm,Paper & Office,71.67,45,Harlow Stationers
SK-2880,Copier Paper A5 120gsm,Paper & Office,35.61,394,Vale Clinical Supplies
SK-2888,Mesh Desk Organiser,Desk,45.86,352,Kestrel Supply Co.
SK-2896,Green Lever Arch File Foolscap,Filing,86.42,17,Vale Clinical Supplies
SK-2904,"Blue Ballpoint, Broad",Writing,44.49,124,Northgate Paper Ltd
SK-2912,Copier Paper A5 120gsm,Paper & Office,18.59,228,Northgate Paper Ltd
SK-2920,"Red Ballpoint, Fine",Writing,83.66,340,Kestrel Supply Co.
SK-2928,Blue Lever Arch File Foolscap,Filing,57.57,79,Harlow Stationers
SK-2936,Copier Paper A4 100gsm,Paper & Office,40.85,107,Northgate Paper Ltd
SK-2944,Acrylic Desk Organiser,Desk,13.54,307,Kestrel Supply Co.
SK-2952,Blue Lever Arch File A4,Filing,56.51,337,Northgate Paper Ltd
SK-2960,"Red Ballpoint, Medium",Writing,75.37,259,Northgate Paper Ltd
SK-2968,Copier Paper A4 70gsm,Paper & Office,70.82,217,Harlow Stationers
SK-2976,"Blue Ballpoint, Fine",Writing,11.31,71,Vale Clinical Supplies
SK-2984,"Green Ballpoint, Medium",Writing,81.70,174,Vale Clinical Supplies
SK-2992,"Red Ballpoint, Broad",Writing,47.17,195,Vale Clinical Supplies
SK-3000,Copier Paper Legal 70gsm,Paper & Office,39.74,479,Northgate Paper Ltd
SK-3008,Steel Desk Organiser,Desk,5.65,320,Vale Clinical Supplies
SK-3016,Copier Paper Letter 120gsm,Paper & Office,66.37,403,Vale Clinical Supplies
SK-3024,Blue Lever Arch File A4,Filing,16.61,119,Kestrel Supply Co.
SK-3032,Wooden Desk Organiser,Desk,80.78,381,Northgate Paper Ltd
SK-3040,"Red Ballpoint, Broad",Writing,21.28,275,Vale Clinical Supplies
SK-3048,"Green Ballpoint, Fine",Writing,52.68,480,Kestrel Supply Co.
SK-3056,Copier Paper Letter 70gsm,Paper & Office,7.82,276,Kestrel Supply Co.
SK-3064,Black Lever Arch File A4,Filing,76.47,160,Kestrel Supply Co.
SK-3072,Wooden Desk Organiser,Desk,24.66,43,Kestrel Supply Co.
SK-3080,Mesh Desk Organiser,Desk,78.57,160,Vale Clinical Supplies
SK-3088,Mesh Desk Organiser,Desk,54.74,372,Harlow Stationers
SK-3096,Blue Lever Arch File Foolscap,Filing,79.76,419,Kestrel Supply Co.
SK-3104,Black Lever Arch File Foolscap,Filing,80.91,225,Harlow Stationers
SK-3112,"Red Ballpoint, Fine",Writing,6.51,211,Kestrel Supply Co.
SK-3120,"Black Ballpoint, Medium",Writing,4.86,128,Kestrel Supply Co.
SK-3128,Black Lever Arch File A4,Filing,33.73,319,Kestrel Supply Co.
SK-3136,Copier Paper A5 120gsm,Paper & Office,86.25,139,Northgate Paper Ltd
SK-3144,Mesh Desk Organiser,Desk,50.76,236,Vale Clinical Supplies
SK-3152,Copier Paper Legal 80gsm,Paper & Office,82.10,361,Kestrel Supply Co.
SK-3160,Steel Desk Organiser,Desk,32.57,354,Kestrel Supply Co.
SK-3168,"Blue Ballpoint, Fine",Writing,76.93,337,Vale Clinical Supplies
SK-3176,Copier Paper Letter 70gsm,Paper & Office,9.41,80,Harlow Stationers
SK-3184,Mesh Desk Organiser,Desk,38.67,152,Kestrel Supply Co.
SK-3192,"Blue Ballpoint, Medium",Writing,68.04,5,Kestrel Supply Co.
SK-3200,Blue Lever Arch File A4,Filing,64.61,405,Kestrel Supply Co.
SK-3208,"Black Ballpoint, Fine",Writing,52.01,418,Vale Clinical Supplies
SK-3216,Copier Paper Letter 70gsm,Paper & Office,79.74,120,Vale Clinical Supplies
SK-3224,Green Lever Arch File Foolscap,Filing,19.36,65,Kestrel Supply Co.
SK-3232,Acrylic Desk Organiser,Desk,56.66,253,Kestrel Supply Co.
SK-3240,Steel Desk Organiser,Desk,89.70,264,Harlow Stationers
SK-3248,Blue Lever Arch File Foolscap,Filing,23.94,120,Kestrel Supply Co.
SK-3256,"Blue Ballpoint, Medium",Writing,42.60,141,Vale Clinical Supplies
SK-3264,Green Lever Arch File A4,Filing,89.75,382,Vale Clinical Supplies
SK-3272,Copier Paper Letter 70gsm,Paper & Office,12.74,463,Vale Clinical Supplies
SK-3280,Blue Lever Arch File A4,Filing,18.02,289,Northgate Paper Ltd
SK-3288,Copier Paper Legal 80gsm,Paper & Office,26.05,179,Northgate Paper Ltd
SK-3296,"Red Ballpoint, Medium",Writing,49.20,212,Northgate Paper Ltd
SK-3304,"Black Ballpoint, Fine",Writing,82.05,44,Harlow Stationers
SK-3312,Wooden Desk Organiser,Desk,35.50,430,Harlow Stationers
SK-3320,Mesh Desk Organiser,Desk,48.08,115,Harlow Stationers
SK-3328,Copier Paper A3 100gsm,Paper & Office,14.63,100,Northgate Paper Ltd
SK-3336,Copier Paper A4 120gsm,Paper & Office,32.04,136,Kestrel Supply Co.
SK-3344,Copier Paper Legal 120gsm,Paper & Office,68.70,162,Northgate Paper Ltd
SK-3352,"Blue Ballpoint, Broad",Writing,32.57,188,Northgate Paper Ltd
SK-3360,"Green Ballpoint, Broad",Writing,85.61,216,Kestrel Supply Co.
SK-3368,Copier Paper A4 80gsm,Paper & Office,60.83,196,Harlow Stationers
SK-3376,"Red Ballpoint, Medium",Writing,2.97,382,Harlow Stationers
SK-3384,"Green Ballpoint, Fine",Writing,33.43,125,Kestrel Supply Co.
SK-3392,Blue Lever Arch File A4,Filing,80.55,308,Harlow Stationers
SK-3400,Copier Paper Legal 70gsm,Paper & Office,89.50,314,Kestrel Supply Co.
SK-3408,Steel Desk Organiser,Desk,86.57,419,Vale Clinical Supplies
SK-3416,Grey Lever Arch File A4,Filing,27.40,393,Harlow Stationers
SK-3424,Copier Paper A4 70gsm,Paper & Office,69.53,41,Vale Clinical Supplies
SK-3432,"Blue Ballpoint, Medium",Writing,80.35,391,Vale Clinical Supplies
SK-3440,"Blue Ballpoint, Fine",Writing,58.08,129,Kestrel Supply Co.
SK-3448,Grey Lever Arch File A4,Filing,39.70,461,Kestrel Supply Co.
SK-3456,Mesh Desk Organiser,Desk,58.86,101,Vale Clinical Supplies
SK-3464,Acrylic Desk Organiser,Desk,69.77,412,Kestrel Supply Co.
SK-3472,Grey Lever Arch File Foolscap,Filing,74.76,344,Vale Clinical Supplies
SK-3480,Green Lever Arch File Foolscap,Filing,50.90,135,Kestrel Supply Co.
SK-3488,Copier Paper A3 100gsm,Paper & Office,58.80,194,Harlow Stationers
SK-3496,Green Lever Arch File Foolscap,Filing,9.78,248,Vale Clinical Supplies
SK-3504,Copier Paper Legal 70gsm,Paper & Office,28.00,189,Vale Clinical Supplies
SK-3512,"Blue Ballpoint, Fine",Writing,60.10,202,Vale Clinical Supplies
SK-3520,Black Lever Arch File Foolscap,Filing,7.89,263,Harlow Stationers
SK-3528,Copier Paper A4 120gsm,Paper & Office,77.00,22,Northgate Paper Ltd
SK-3536,"Green Ballpoint, Broad",Writing,44.32,59,Kestrel Supply Co.
SK-3544,Copier Paper A4 120gsm,Paper & Office,32.35,231,Harlow Stationers
SK-3552,Grey Lever Arch File A4,Filing,16.64,193,Northgate Paper Ltd
SK-3560,Grey Lever Arch File Foolscap,Filing,49.28,276,Vale Clinical Supplies
SK-3568,Wooden Desk Organiser,Desk,82.16,198,Vale Clinical Supplies
SK-3576,Wooden Desk Organiser,Desk,42.64,443,Harlow Stationers
SK-3584,Blue Lever Arch File A4,Filing,80.18,373,Kestrel Supply Co.
SK-3592,Black Lever Arch File Foolscap,Filing,35.30,67,Northgate Paper Ltd
SK-3600,Acrylic Desk Organiser,Desk,68.65,302,Vale Clinical Supplies
SK-3608,Copier Paper A5 80gsm,Paper & Office,55.00,125,Harlow Stationers
SK-3616,"Blue Ballpoint, Broad",Writing,43.08,168,Harlow Stationers
SK-3624,Copier Paper A4 100gsm,Paper & Office,35.12,117,Harlow Stationers
SK-3632,Copier Paper A4 70gsm,Paper & Office,62.83,181,Northgate Paper Ltd
SK-3640,"Red Ballpoint, Broad",Writing,18.24,277,Vale Clinical Supplies
SK-3648,Acrylic Desk Organiser,Desk,45.03,237,Kestrel Supply Co.
SK-3656,Mesh Desk Organiser,Desk,41.72,17,Kestrel Supply Co.
SK-3664,Steel Desk Organiser,Desk,72.86,8,Northgate Paper Ltd
SK-3672,"Black Ballpoint, Broad",Writing,9.21,26,Harlow Stationers
SK-3680,Copier Paper A4 100gsm,Paper & Office,33.33,188,Vale Clinical Supplies
SK-3688,Black Lever Arch File A4,Filing,65.86,124,Kestrel Supply Co.
SK-3696,Copier Paper A5 120gsm,Paper & Office,58.24,253,Kestrel Supply Co.
SK-3704,Grey Lever Arch File A4,Filing,60.91,213,Vale Clinical Supplies
SK-3712,Black Lever Arch File Foolscap,Filing,42.36,229,Northgate Paper Ltd
SK-3720,Copier Paper Letter 70gsm,Paper & Office,34.44,107,Vale Clinical Supplies
SK-3728,Wooden Desk Organiser,Desk,31.36,396,Kestrel Supply Co.
SK-3736,Steel Desk Organiser,Desk,11.73,161,Harlow Stationers
SK-3744,"Red Ballpoint, Medium",Writing,88.98,12,Northgate Paper Ltd
SK-3752,Mesh Desk Organiser,Desk,62.01,329,Northgate Paper Ltd
SK-3760,Copier Paper Letter 80gsm,Paper & Office,17.90,357,Kestrel Supply Co.
SK-3768,Copier Paper A3 70gsm,Paper & Office,89.36,359,Kestrel Supply Co.
SK-3776,"Blue Ballpoint, Broad",Writing,24.42,476,Kestrel Supply Co.
SK-3784,Copier Paper A4 70gsm,Paper & Office,71.77,360,Kestrel Supply Co.
SK-3792,Blue Lever Arch File Foolscap,Filing,82.49,342,Kestrel Supply Co.
SK-3800,Green Lever Arch File Foolscap,Filing,2.85,319,Harlow Stationers
SK-3808,"Red Ballpoint, Fine",Writing,23.27,6,Harlow Stationers
SK-3816,Steel Desk Organiser,Desk,72.25,268,Northgate Paper Ltd
SK-3824,Copier Paper A4 100gsm,Paper & Office,42.67,83,Harlow Stationers
SK-3832,"Red Ballpoint, Fine",Writing,83.95,251,Kestrel Supply Co.
SK-3840,Black Lever Arch File A4,Filing,58.46,443,Vale Clinical Supplies
SK-3848,Wooden Desk Organiser,Desk,40.35,153,Kestrel Supply Co.
SK-3856,"Black Ballpoint, Broad",Writing,15.23,76,Kestrel Supply Co.
SK-3864,"Red Ballpoint, Medium",Writing,60.62,39,Kestrel Supply Co.
SK-3872,Blue Lever Arch File A4,Filing,71.40,128,Kestrel Supply Co.
SK-3880,"Blue Ballpoint, Broad",Writing,6.87,220,Vale Clinical Supplies
SK-3888,"Green Ballpoint, Fine",Writing,27.71,125,Kestrel Supply Co.
SK-3896,Black Lever Arch File A4,Filing,26.94,470,Kestrel Supply Co.
SK-3904,"Red Ballpoint, Broad",Writing,72.80,405,Harlow Stationers
SK-3912,Copier Paper Letter 100gsm,Paper & Office,83.67,58,Vale Clinical Supplies
SK-3920,Blue Lever Arch File Foolscap,Filing,37.68,425,Vale Clinical Supplies
SK-3928,Blue Lever Arch File Foolscap,Filing,6.65,478,Kestrel Supply Co.
SK-3936,Copier Paper A5 100gsm,Paper & Office,51.97,286,Kestrel Supply Co.
SK-3944,Grey Lever Arch File Foolscap,Filing,71.53,245,Vale Clinical Supplies
SK-3952,Copier Paper Legal 120gsm,Paper & Office,55.51,300,Northgate Paper Ltd
SK-3960,Copier Paper A4 80gsm,Paper & Office,43.24,58,Vale Clinical Supplies
SK-3968,Wooden Desk Organiser,Desk,9.71,286,Harlow Stationers
SK-3976,Mesh Desk Organiser,Desk,24.09,89,Kestrel Supply Co.
SK-3984,Wooden Desk Organiser,Desk,36.88,278,Vale Clinical Supplies
SK-3992,"Black Ballpoint, Broad",Writing,84.28,147,Kestrel Supply Co.
SK-4000,Black Lever Arch File A4,Filing,10.49,410,Vale Clinical Supplies
SK-4008,Copier Paper A3 70gsm,Paper & Office,48.45,158,Vale Clinical Supplies
SK-4016,Wooden Desk Organiser,Desk,30.48,423,Harlow Stationers
SK-4024,Copier Paper A5 120gsm,Paper & Office,29.17,399,Vale Clinical Supplies
SK-4032,"Green Ballpoint, Fine",Writing,66.36,419,Harlow Stationers
SK-4040,Green Lever Arch File A4,Filing,50.35,83,Vale Clinical Supplies
SK-4048,Grey Lever Arch File A4,Filing,66.61,390,Northgate Paper Ltd
SK-4056,Grey Lever Arch File A4,Filing,11.48,130,Northgate Paper Ltd
SK-4064,Blue Lever Arch File A4,Filing,60.24,441,Kestrel Supply Co.
SK-4072,"Green Ballpoint, Medium",Writing,42.74,451,Harlow Stationers
SK-4080,Mesh Desk Organiser,Desk,82.09,221,Kestrel Supply Co.
SK-4088,Copier Paper Letter 70gsm,Paper & Office,10.87,230,Northgate Paper Ltd
SK-4096,"Red Ballpoint, Medium",Writing,63.80,224,Kestrel Supply Co.
SK-4104,Copier Paper Legal 70gsm,Paper & Office,8.65,210,Vale Clinical Supplies
SK-4112,Acrylic Desk Organiser,Desk,34.90,10,Northgate Paper Ltd
SK-4120,Copier Paper A4 70gsm,Paper & Office,80.20,18,Vale Clinical Supplies
SK-4128,Green Lever Arch File A4,Filing,59.69,460,Northgate Paper Ltd
SK-4136,Acrylic Desk Organiser,Desk,77.70,250,Vale Clinical Supplies
SK-4144,Grey Lever Arch File Foolscap,Filing,41.76,6,Northgate Paper Ltd
SK-4152,"Green Ballpoint, Medium",Writing,26.58,411,Harlow Stationers
SK-4160,Copier Paper Legal 70gsm,Paper & Office,15.14,411,Harlow Stationers
SK-4168,Wooden Desk Organiser,Desk,23.21,70,Kestrel Supply Co.
SK-4176,Copier Paper Letter 100gsm,Paper & Office,64.99,401,Northgate Paper Ltd
SK-4184,"Black Ballpoint, Fine",Writing,32.54,200,Harlow Stationers
SK-4192,"Blue Ballpoint, Medium",Writing,20.28,384,Vale Clinical Supplies
SK-4200,Copier Paper A4 70gsm,Paper & Office,45.26,449,Vale Clinical Supplies
SK-4208,Copier Paper Legal 120gsm,Paper & Office,21.09,94,Northgate Paper Ltd
SK-4216,"Black Ballpoint, Medium",Writing,51.92,198,Vale Clinical Supplies
SK-4224,Steel Desk Organiser,Desk,85.09,363,Vale Clinical Supplies
SK-4232,Steel Desk Organiser,Desk,58.57,6,Vale Clinical Supplies
SK-4240,Steel Desk Organiser,Desk,21.55,66,Northgate Paper Ltd
SK-4248,"Red Ballpoint, Fine",Writing,60.83,428,Harlow Stationers
SK-4256,Mesh Desk Organiser,Desk,72.89,272,Vale Clinical Supplies
SK-4264,Copier Paper A4 70gsm,Paper & Office,32.53,220,Harlow Stationers
SK-4272,"Blue Ballpoint, Fine",Writing,32.70,224,Northgate Paper Ltd
SK-4280,Grey Lever Arch File Foolscap,Filing,28.52,419,Kestrel Supply Co.
SK-4288,"Green Ballpoint, Fine",Writing,19.99,57,Harlow Stationers
SK-4296,Grey Lever Arch File Foolscap,Filing,76.32,395,Kestrel Supply Co.
SK-4304,"Black Ballpoint, Fine",Writing,60.96,374,Northgate Paper Ltd
SK-4312,Mesh Desk Organiser,Desk,51.42,458,Kestrel Supply Co.
SK-4320,Green Lever Arch File A4,Filing,39.01,289,Kestrel Supply Co.
SK-4328,Grey Lever Arch File Foolscap,Filing,78.21,128,Vale Clinical Supplies
SK-4336,Blue Lever Arch File A4,Filing,63.46,153,Harlow Stationers
SK-4344,Black Lever Arch File Foolscap,Filing,45.63,104,Northgate Paper Ltd
SK-4352,"Black Ballpoint, Medium",Writing,51.79,277,Northgate Paper Ltd
SK-4360,Copier Paper A3 100gsm,Paper & Office,71.91,441,Vale Clinical Supplies
SK-4368,"Red Ballpoint, Fine",Writing,61.83,470,Northgate Paper Ltd
SK-4376,Blue Lever Arch File A4,Filing,8.43,416,Kestrel Supply Co.
SK-4384,Green Lever Arch File A4,Filing,58.72,16,Kestrel Supply Co.
SK-4392,Copier Paper Letter 100gsm,Paper & Office,60.41,456,Harlow Stationers
SK-4400,Mesh Desk Organiser,Desk,79.52,367,Kestrel Supply Co.
SK-4408,Copier Paper Legal 120gsm,Paper & Office,23.01,141,Vale Clinical Supplies
SK-4416,Acrylic Desk Organiser,Desk,24.96,18,Vale Clinical Supplies
SK-4424,Grey Lever Arch File A4,Filing,80.25,356,Northgate Paper Ltd
SK-4432,Steel Desk Organiser,Desk,41.99,420,Vale Clinical Supplies
SK-4440,"Red Ballpoint, Broad",Writing,80.11,464,Northgate Paper Ltd
SK-4448,Mesh Desk Organiser,Desk,32.79,262,Vale Clinical Supplies
SK-4456,Wooden Desk Organiser,Desk,33.63,273,Vale Clinical Supplies
SK-4464,Grey Lever Arch File A4,Filing,76.55,75,Harlow Stationers
SK-4472,"Blue Ballpoint, Fine",Writing,74.57,193,Northgate Paper Ltd
SK-4480,Copier Paper Letter 100gsm,Paper & Office,81.57,95,Vale Clinical Supplies
SK-4488,Copier Paper A4 120gsm,Paper & Office,3.98,431,Northgate Paper Ltd
SK-4496,"Green Ballpoint, Broad",Writing,4.75,17,Harlow Stationers
SK-4504,"Red Ballpoint, Fine",Writing,71.94,460,Vale Clinical Supplies
SK-4512,Steel Desk Organiser,Desk,61.06,317,Vale Clinical Supplies
SK-4520,Grey Lever Arch File A4,Filing,83.39,134,Northgate Paper Ltd
SK-4528,Wooden Desk Organiser,Desk,69.01,161,Northgate Paper Ltd
SK-4536,"Red Ballpoint, Fine",Writing,23.56,252,Kestrel Supply Co.
SK-4544,Copier Paper A4 80gsm,Paper & Office,35.44,356,Kestrel Supply Co.
SK-4552,"Black Ballpoint, Broad",Writing,72.96,470,Northgate Paper Ltd
SK-4560,Acrylic Desk Organiser,Desk,47.78,5,Harlow Stationers
SK-4568,Copier Paper Letter 120gsm,Paper & Office,67.65,132,Vale Clinical Supplies
SK-4576,Acrylic Desk Organiser,Desk,52.67,279,Vale Clinical Supplies
SK-4584,Blue Lever Arch File Foolscap,Filing,68.49,461,Vale Clinical Supplies
SK-4592,Copier Paper A4 70gsm,Paper & Office,44.97,133,Kestrel Supply Co.
SK-4600,Acrylic Desk Organiser,Desk,77.91,387,Kestrel Supply Co.
SK-4608,Acrylic Desk Organiser,Desk,22.84,172,Harlow Stationers
SK-4616,"Red Ballpoint, Broad",Writing,2.77,287,Kestrel Supply Co.
SK-4624,Blue Lever Arch File A4,Filing,7.40,423,Kestrel Supply Co.
SK-4632,Copier Paper A4 100gsm,Paper & Office,59.24,305,Harlow Stationers
SK-4640,Copier Paper A3 120gsm,Paper & Office,74.29,156,Northgate Paper Ltd
SK-4648,"Red Ballpoint, Fine",Writing,23.58,100,Northgate Paper Ltd
SK-4656,Mesh Desk Organiser,Desk,54.16,325,Kestrel Supply Co.
SK-4664,Mesh Desk Organiser,Desk,42.99,75,Vale Clinical Supplies
SK-4672,Acrylic Desk Organiser,Desk,54.81,372,Northgate Paper Ltd
SK-4680,Grey Lever Arch File A4,Filing,30.56,440,Harlow Stationers
SK-4688,"Green Ballpoint, Broad",Writing,9.54,436,Vale Clinical Supplies
SK-4696,Grey Lever Arch File Foolscap,Filing,4.54,36,Northgate Paper Ltd
SK-4704,Black Lever Arch File A4,Filing,23.28,139,Vale Clinical Supplies
SK-4712,Copier Paper Letter 70gsm,Paper & Office,42.05,244,Harlow Stationers
SK-4720,Copier Paper A3 100gsm,Paper & Office,3.58,324,Northgate Paper Ltd
SK-4728,Copier Paper A5 80gsm,Paper & Office,36.92,239,Kestrel Supply Co.
SK-4736,Steel Desk Organiser,Desk,54.94,451,Kestrel Supply Co.
SK-4744,Wooden Desk Organiser,Desk,21.52,294,Vale Clinical Supplies
SK-4752,Black Lever Arch File Foolscap,Filing,53.00,431,Northgate Paper Ltd
SK-4760,Mesh Desk Organiser,Desk,76.08,411,Vale Clinical Supplies
SK-4768,"Green Ballpoint, Medium",Writing,55.25,154,Vale Clinical Supplies
SK-4776,"Black Ballpoint, Broad",Writing,35.50,69,Northgate Paper Ltd
SK-4784,"Green Ballpoint, Broad",Writing,39.22,88,Vale Clinical Supplies
SK-4792,Copier Paper A4 100gsm,Paper & Office,17.08,11,Vale Clinical Supplies
SK-4800,Copier Paper Legal 120gsm,Paper & Office,54.04,114,Vale Clinical Supplies
SK-4808,"Green Ballpoint, Medium",Writing,53.88,176,Harlow Stationers
SK-4816,Black Lever Arch File Foolscap,Filing,85.92,182,Vale Clinical Supplies
SK-4824,Acrylic Desk Organiser,Desk,48.50,203,Kestrel Supply Co.
SK-4832,Black Lever Arch File Foolscap,Filing,85.08,141,Vale Clinical Supplies
SK-4840,Blue Lever Arch File A4,Filing,9.94,462,Northgate Paper Ltd
SK-4848,Wooden Desk Organiser,Desk,34.77,417,Northgate Paper Ltd
SK-4856,Grey Lever Arch File Foolscap,Filing,35.80,246,Vale Clinical Supplies
SK-4864,"Green Ballpoint, Fine",Writing,56.28,438,Harlow Stationers
SK-4872,Wooden Desk Organiser,Desk,12.08,265,Northgate Paper Ltd
SK-4880,"Blue Ballpoint, Fine",Writing,54.85,369,Harlow Stationers
SK-4888,Black Lever Arch File A4,Filing,21.38,141,Harlow Stationers
SK-4896,Copier Paper A4 100gsm,Paper & Office,39.16,287,Vale Clinical Supplies
SK-4904,Copier Paper A3 120gsm,Paper & Office,9.79,0,Harlow Stationers
SK-4912,Copier Paper A5 70gsm,Paper & Office,29.29,82,Northgate Paper Ltd
SK-4920,Green Lever Arch File A4,Filing,41.07,475,Harlow Stationers
SK-4928,Copier Paper A3 80gsm,Paper & Office,62.17,284,Northgate Paper Ltd
SK-4936,Copier Paper A4 120gsm,Paper & Office,55.58,233,Northgate Paper Ltd
SK-4944,Copier Paper A4 100gsm,Paper & Office,4.28,450,Vale Clinical Supplies
SK-4952,Grey Lever Arch File Foolscap,Filing,67.03,307,Vale Clinical Supplies
SK-4960,Black Lever Arch File A4,Filing,5.78,359,Northgate Paper Ltd
SK-4968,Black Lever Arch File A4,Filing,52.37,131,Northgate Paper Ltd
SK-4976,"Blue Ballpoint, Medium",Writing,32.34,331,Northgate Paper Ltd
SK-4984,"Black Ballpoint, Fine",Writing,24.17,330,Kestrel Supply Co.
SK-4992,Green Lever Arch File A4,Filing,2.67,351,Harlow Stationers
